Organization,Followed On
Options Group,Wed Jan 24 21:41:59 UTC 2024
Google,Sat Jan 20 18:21:19 UTC 2024
Harvard Business Analytics Program,Wed Nov 29 19:05:04 UTC 2023
Zinnia,Mon Nov 27 21:24:26 UTC 2023
TDA,Fri Oct 20 19:22:18 UTC 2023
Equi,Thu Oct 12 21:04:28 UTC 2023
CoStar Group,Fri Jun 09 23:13:27 UTC 2023
Break UP to Better!,Fri Apr 14 22:27:55 UTC 2023
Strategy,Fri Mar 03 22:27:55 UTC 2023
Management Consulting,Fri Mar 03 21:42:24 UTC 2023
Consulting,Fri Mar 03 21:06:18 UTC 2023
Analytics,Fri Mar 03 21:00:32 UTC 2023
Product Management,Fri Mar 03 20:50:43 UTC 2023
FactSet,Wed Feb 15 00:52:02 UTC 2023
ARGELLA,Fri Jan 27 18:33:57 UTC 2023
"New Trend in Comfort Wear, Award-Winning",Fri Nov 04 00:12:55 UTC 2022
What Is Your Reputation Worth?,Tue Oct 18 23:35:02 UTC 2022
Reaction,Thu Aug 04 20:41:11 UTC 2022
"More Than Words Speech Pathology, PLLC",Tue Aug 02 00:54:54 UTC 2022
New York Mets,Thu Jun 02 17:34:47 UTC 2022
"CXO Nexus, Inc.",Wed Aug 04 23:37:31 UTC 2021
StartUp Health,Sun Feb 14 14:42:35 UTC 2021
"Welcome, an Optimizely Company",Wed Jan 20 04:14:36 UTC 2021
Queen Sof√≠a Spanish Institute,Wed Oct 07 22:00:06 UTC 2020
Pfizer,Tue Aug 18 16:01:58 UTC 2020
MioTech,Mon Feb 03 18:39:58 UTC 2020
Rutgers University,Thu Mar 09 01:27:09 UTC 2017
invalid15101297,Tue Feb 07 00:57:53 UTC 2017
University of North Carolina at Greensboro,Wed Sep 07 15:27:01 UTC 2016
New York City Office of Technology & Innovation,Thu Nov 12 19:57:16 UTC 2015
E*TRADE from Morgan Stanley,Thu Nov 12 19:47:40 UTC 2015
Victor Noble ,Wed Sep 24 21:24:45 UTC 2014
NewsCred,Thu Jul 17 17:15:52 UTC 2014
NJF Global Holdings Ltd,Sat Jul 12 18:54:40 UTC 2014
Prolific Venture Capital,Fri May 30 15:49:33 UTC 2014
Fusion Staffing Partners,Sun May 25 16:52:04 UTC 2014
S&P Global Market Intelligence,Thu May 22 21:02:35 UTC 2014
Datahug (acquired by CallidusCloud),Thu May 15 20:43:53 UTC 2014
The Guardian,Fri Mar 08 16:32:42 UTC 2013
Business Logic Corporation,Thu Jan 10 21:05:04 UTC 2013
CME Group,Fri Mar 16 11:46:10 UTC 2012
Benchmark Solutions,Sat Oct 09 09:06:05 UTC 2010